dogodek,drzava
AFL,Australia
World Championship,World
Super League,England
Challenge Cup,England
National Rugby League,Australia
World Cup,World
PGA Tour - Sony Open,World
Ryder Cup,World
Heavyweight,World
Welterweight,World
Heavyweight,World
Super Lightweight,World
Middleweight,World
Catchweight,World
Light Heavyweight,World
Lightweight,World
Super-Middleweight,World
Cruiserweight ,World
Super-bantamweight,World
Heavyweight,World
Super-featherweight,World
Welterweight,World
E-Sports - League of Legends,World
E-Sports - League of Legends,World
Beach Volleyball - Men,Olympics
Swimming - Men,Olympics
Swimming - Women,Olympics
Swimming - Men,Olympics
Swimming - Men,Olympics
European Rugby Champions Cup,Europe
Six Nations,Europe
Six Nations,Europe
Salibandyliiga,Finland
Super Elit Damer,Sweden
Superligan - Men,Sweden
Milano - San Remo,World
Tour Of Flanders,World
Paris-Roubaix,World
Liege Bastogne Liege,World
Tour de France,World
Tour de France,World
Road - Men,Olympics
NFL,North America
European Championships - Men,Europe
Bundesliga,Germany
Championnat Pro A,France
Lega A,Italy
Kooperativa NBL,Czech Republic
&#214;BL,Austria
Division A - Men,Romania
Liga Portuguesa,Portugal
Liga ABA,Europe
Liga ACB,Spain
LEB Gold,Spain
Serie A2 East,Italy
Serie A2 West,Italy
LBL 1st Division,Latvia
Liga LPB,Venezuela
Super League,Israel
Liga Femenina ,Spain
Liga Nacional de Baloncesto Profesional,Mexico
Tauron Basket Liga,Poland
NBB,Brazil
NBA,North America
FIBA Americas League,America
FIBA Americas League,America
Liga Nacional,Argentina
Liga Nacional de Baloncesto Profesional,Mexico
NBA,North America
LUB Capital,Uruguay
A1 - Men,Greece
TBSL,Turkey
Tauron Basket Liga,Poland
Lega A,Italy
Liga ABA,Europe
A1 - Men,Greece
A1 - Women,Greece
Serie A2 - Women,Italy
SuperLega Men,Italy
NVL Superliga - Men,Bulgaria
AVL - Women,Austria
1st League - Men,Turkey
Serie A2 - Men,Italy
Serie A1 - Women,Italy
1st League - Men,Belgium
A1 Masculino,Portugal
A1 - Women,Portugal
Orlen Liga - Women,Poland
Liga Argentina A1,Argentina
V League - Women,Korea (South)
V League - Men,Korea (South)
Premier League,Qatar
Extraliga - Men,Czech Republic
Superliga - Women,Brazil
PDC - The Masters,World
Ultimate Fighting Championship,World
Ultimate Fighting Championship,World
Ultimate Fighting Championship,World
Ultimate Fighting Championship,World
Ultimate Fighting Championship,World
Ultimate Fighting Championship,World
Ultimate Fighting Championship,World
ITF Women - Daytona Beach (USA) - Clay,World
ITF Men - Long Beach (USA) - Hard,World
ATP Challenger - Buenos Aires (ARG) - Clay,World
"Australian Open, Men",World
Australian Open - Women,World
World Championships,World
World Championship,World
Twenty20 Big Bash,Australia
One Day Internationals,World
Twenty20 International,World
Twenty20 International,World
Test Matches,World
World Championships,World
Ich bin ein Star - Holt mich hier raus!,Germany
Eurovision Song Contest,Europe
